,2025-12-05 00:00:00,2025-12-05 06:00:00,2025-12-05 12:00:00,2025-12-05 18:00:00,2025-12-06 00:00:00,2025-12-06 06:00:00,2025-12-06 12:00:00,2025-12-06 18:00:00,2025-12-07 00:00:00,2025-12-07 06:00:00,2025-12-07 12:00:00,2025-12-07 18:00:00,2025-12-08 00:00:00,2025-12-08 06:00:00,2025-12-08 12:00:00,2025-12-08 18:00:00,2025-12-09 00:00:00,2025-12-09 06:00:00,2025-12-09 12:00:00,2025-12-09 18:00:00,2025-12-10 00:00:00,2025-12-10 06:00:00,2025-12-10 12:00:00,2025-12-10 18:00:00,2025-12-11 00:00:00,2025-12-11 06:00:00,2025-12-11 12:00:00,2025-12-11 18:00:00,2025-12-12 00:00:00,2025-12-12 06:00:00,2025-12-12 12:00:00,2025-12-12 18:00:00,2025-12-13 00:00:00,2025-12-13 06:00:00,2025-12-13 12:00:00,2025-12-13 18:00:00,2025-12-14 00:00:00,2025-12-14 06:00:00,2025-12-14 12:00:00,2025-12-14 18:00:00,2025-12-15 00:00:00,2025-12-15 06:00:00,2025-12-15 12:00:00,2025-12-15 18:00:00
10000.0,-2.7297757575051683e-11,-5.817202258496151e-12,3.1860560391772966e-11,-1.0073603962282233e-10,6.734503989843536e-11,1.0359859109917207e-10,3.8067921696516254e-11,-2.1145946885513982e-11,2.9107489380933165e-11,-4.1577020302575145e-11,-1.6001591528090964e-11,-1.2769197517958071e-10,2.2012311773448564e-10,1.2531396879628228e-10,1.2644153098216675e-10,9.159532930060827e-12,-9.814026487846012e-11,-7.681247454159745e-11,-9.324499713151555e-11,-2.570629804537699e-10,-9.575695843876755e-11,-1.1030591364048647e-10,-8.823541732433055e-11,1.1295758848391928e-10,-8.215016719783079e-11,-1.0608883137694954e-11,1.107512420307294e-10,-9.652932539228568e-11,-9.911094246230955e-11,-2.2057053309709018e-10,1.2101167104337747e-10,-2.2378223372624084e-10,-7.77110805874396e-12,-3.796183777072519e-11,4.28729514581996e-11,-1.4372495010773288e-10,2.923045076938946e-11,2.1162634626063182e-11,7.139524235616451e-11,1.9671695753530277e-11,-3.888707987744236e-11,-1.141153781647285e-10,1.1337694100792506e-10,1.3314335899366953e-10
15000.0,7.281300918698095e-11,-9.312234988665508e-11,-7.558200176171603e-12,-2.4844923810222127e-10,2.024814023811279e-11,-2.2097715376066534e-10,-1.720180695602444e-10,2.9962605438434525e-11,-6.96951362930667e-10,-1.6527932037523773e-10,-7.495959211441157e-11,-2.3032951508955027e-10,-2.865225624714025e-10,2.123681846338422e-10,-1.9501379312269957e-10,-4.375415378810012e-11,3.4363582084105177e-10,-1.2045990082400422e-10,1.5721581193356405e-10,-1.3314128561572006e-10,5.320462724260163e-11,-2.430840908681865e-10,-2.4599969179661385e-10,-4.586773085611474e-10,1.893588333981556e-10,-4.52105356299774e-11,-4.7410573367835646e-11,-1.964284298050243e-10,-1.4508576757688019e-10,-7.589049934576772e-11,6.820813588004345e-12,-1.1893078580987502e-10,1.3159278063045735e-10,-6.560225688957396e-11,-1.928566105543389e-10,-2.378003386175007e-10,7.902669255702914e-12,1.3770436007870774e-10,-1.9165503054382736e-10,-1.620934270534913e-10,3.190815678378647e-10,-2.3998471098878883e-10,1.5461020841136401e-10,-4.32681220079522e-12
20000.0,1.9048758593479795e-10,-1.8840597370941997e-10,-2.0430922278106748e-10,5.040169890547954e-10,-1.148908830010038e-10,7.379554318844895e-11,-1.4380641479762483e-10,3.719979319345862e-10,-7.782537245800618e-11,3.7411949460367706e-10,-4.2858934550387567e-10,-3.4352287405633267e-10,-1.899791802061477e-10,4.60370609913766e-10,-3.9310850470980184e-10,-7.05637803183516e-10,-7.561883946104805e-10,-2.5606470168186616e-10,-3.9906646537127936e-10,-6.498629125211794e-10,5.903686089779712e-11,-8.753802316594247e-11,-2.2431103865633562e-10,-5.753695753663794e-10,-1.8288001419638595e-10,-5.535198345767227e-10,2.1032820369184173e-10,9.832995620614843e-11,6.022466569807765e-10,1.711138302309217e-10,-4.260123640880967e-10,-3.3304534436230935e-10,1.1873275262368547e-10,3.5786178562197373e-10,-1.3124780623970324e-10,-8.364687093554544e-11,-1.787601165321961e-10,7.113346256098463e-10,-1.8236713048852997e-10,5.942528481973976e-10,-1.766742636958239e-10,2.2182649671334473e-10,6.264490669787073e-11,-8.111177859687427e-10
25000.0,2.2241006059715773e-10,-4.9742727877911217e-11,-1.0193090997428313e-10,-1.922197213729267e-12,-3.723307530511145e-10,1.3816021021919138e-10,6.557558547609055e-11,-4.2888173291333863e-11,5.255451426124657e-10,-1.581786940347023e-10,1.7559057835326785e-10,-1.7158009405643774e-10,2.593759345344215e-10,2.7234186909713807e-10,-5.964324701533665e-10,-5.391446024051776e-10,-5.673109311688549e-10,-5.540144534864766e-10,-5.816197040518747e-10,-3.6971701277501095e-10,-3.5159005420617845e-10,-2.6234095817121826e-10,-3.8571226374511243e-10,9.259950007494204e-11,-4.6592903509146676e-11,2.471929033882626e-10,5.7189393385097156e-11,3.0376649835196086e-10,-2.079822498622155e-10,1.223184655031723e-09,2.055217651767186e-10,-4.627273823280239e-10,2.0861048239787558e-10,8.280951718445583e-10,-5.185014669646306e-10,1.229270742908459e-10,-3.04424032474279e-10,5.016768869029532e-10,8.03863347728181e-10,4.3741847066017505e-10,-4.267200995513806e-12,2.5537066303655274e-10,-2.1240809398747648e-10,7.383372453122847e-11
30000.0,1.87300865633335e-10,1.7238601704267058e-10,-6.069064201828445e-11,-1.0181752806150951e-10,-2.034754285285321e-10,-9.498117191246164e-11,6.385279824405194e-11,-1.3197122076930844e-10,1.2684518809417916e-10,2.199490703691441e-10,1.0809120700711903e-10,1.773091307105357e-10,-2.845523163201592e-10,2.4595305486173727e-11,4.1647251488944555e-10,2.41018365564917e-10,1.5443431880115488e-10,2.4457000145226823e-11,-9.984475787288095e-10,7.655601992551906e-10,-1.2324129206768555e-10,1.1324512953390695e-10,-3.388739905765943e-10,5.613807500535154e-10,-4.447504337831271e-10,3.551232577151257e-10,-3.2198046616338316e-11,4.611213544487478e-10,-3.340408102211094e-10,1.1647597125185586e-09,-2.441551421049329e-10,-1.2979555113421153e-10,-4.107847702554161e-10,7.042495624364159e-10,-6.538718913798719e-10,-2.2807965817585767e-10,-3.4698226541056064e-10,-4.435229535662502e-10,5.66745141199021e-10,7.132313521676101e-10,2.1160321870081325e-10,2.8091123145392426e-12,1.9148440326614258e-10,-1.7173058595660932e-09
35000.0,1.3483690487547885e-10,1.2720051709210844e-10,1.9412594383648634e-10,4.009360021773795e-11,1.5919615895739564e-10,-1.7254171820760866e-11,-3.50377734685314e-11,-2.4513863805441287e-10,-4.1940326414907655e-10,-5.307437409867168e-11,-5.5737819054680866e-11,5.00451638269145e-10,-7.479547406570123e-11,-1.9589404425474842e-11,3.397764823353815e-10,2.6029966728064532e-11,3.964374594310681e-10,3.6257497485597607e-10,-3.86936938124562e-10,1.0654032948561468e-09,-3.391067601430427e-11,-1.0489630555125655e-10,-2.538610073697717e-10,1.241384927190661e-10,-1.5041382683782369e-10,-1.1567997871115903e-10,1.945267968990749e-10,5.208218277458282e-10,1.418934525180885e-10,7.763556044722973e-10,-1.9923664615595251e-10,-2.329720160698511e-10,-2.172434094976072e-10,6.136775979489645e-10,-7.71831435422303e-10,-4.0633481606440167e-10,-8.271768552401918e-10,-4.4795853805231705e-10,3.6563644608348816e-11,5.287581807261414e-10,4.6360554919272124e-10,-2.151180022402698e-11,2.83254943968088e-12,-1.4958593418563172e-09
40000.0,-2.048743333884327e-11,-4.5577321365765415e-11,1.2305291880946974e-10,2.4674449657697934e-10,2.2686021436987243e-10,4.936952053936381e-11,5.4041677392511334e-11,-1.5372900228230971e-10,-3.436244341582456e-10,-2.1919725525315992e-10,5.660295280752084e-11,3.3497778500227885e-10,-2.194338812170477e-10,-1.5879505719610883e-10,2.971451033574993e-10,3.219856041435803e-10,1.3932211623980635e-10,2.3276676511956749e-10,-1.7731079008751415e-11,8.574871650326971e-10,2.3175136354318008e-10,-1.7907352162550694e-10,3.392722005467399e-10,2.0602953048221932e-10,1.5934783215313392e-10,-2.5674905138907605e-10,3.6305708280139067e-10,3.578957400001439e-10,-1.4591794851068765e-11,3.002106796446635e-10,-4.113233801621478e-10,-4.752125194951368e-10,-1.5186170716804765e-10,3.097874104021311e-10,-6.209998391417507e-10,-6.442241862920769e-10,-6.11879734207853e-10,-2.8202191355204373e-10,1.721346338474201e-10,3.038936927855972e-10,4.3882864001097165e-11,-2.131875887545043e-10,-2.622646763052526e-10,-1.5751051940849927e-10
45000.0,-8.5983405563364e-11,-3.2858689217820556e-11,7.839946701666875e-11,2.390825226840975e-10,1.9292074945482247e-10,6.035523965876443e-13,-1.0670780038795475e-11,-4.0596264955663083e-11,1.7412061618728008e-10,-3.235699860385233e-11,2.837475148609116e-11,2.2760339500379564e-10,4.5557257972793996e-10,-3.067315448939016e-10,2.045006524816564e-10,5.711560534411346e-10,-5.684891093915525e-11,4.2532256297938237e-10,6.746185765002873e-11,5.146389355115185e-10,5.793456995790576e-10,-4.792880054727478e-12,4.1079972771849753e-10,9.684342767844019e-11,4.318377790607091e-11,-1.3742077177158613e-10,4.976832708765984e-10,-1.0905969442076304e-11,-2.5645893535495536e-11,2.6934630767886405e-11,-4.6151549853638516e-10,-8.16280753206056e-10,-1.9885169246495542e-10,1.790627574984945e-10,-3.913392836326927e-10,-6.79405223671391e-10,-5.84747288649937e-10,-1.8732743063030125e-10,6.607519955015872e-11,4.955895117486936e-11,-8.38774374717238e-11,-2.550828325292273e-10,-5.475933482341003e-10,4.3552093199607173e-10
50000.0,2.6569460296000343e-11,6.021992804669281e-12,-6.035857941991577e-12,1.214673122850919e-10,1.4265177072506208e-10,-1.3066197505768486e-10,2.2636730329659397e-10,1.4160876985486818e-10,8.700950904231228e-11,-2.8878648119422753e-11,-6.039996077555921e-11,1.0499289262966946e-10,8.256665921819732e-11,-1.0174745281890453e-10,-3.200252661892438e-10,1.5774737951714119e-10,-3.2693570981458164e-11,7.409710797923355e-10,1.4636150893451026e-10,1.790932935035076e-10,8.808549824924982e-10,3.5787957576332793e-10,-4.320284877382724e-11,-4.389892538129031e-10,-1.2208158772739386e-10,-1.8694118114492665e-10,5.051615226867829e-10,-7.23596321941768e-11,-7.68332845380791e-11,-1.325522300914017e-10,-1.2952942899001375e-10,-4.871034165673943e-10,-1.267482820872824e-10,1.7867975846575917e-10,-3.427463204211718e-10,-3.187878456026086e-10,-4.848109712475879e-10,-2.30340632745985e-10,-1.5120069749657057e-10,1.0600894807636969e-10,-3.619303697426707e-10,-4.075241920287185e-10,-2.2815899437846873e-10,-3.940362950787644e-10
55000.0,7.896433317102446e-11,3.239081163489367e-11,-2.7439518886567137e-11,7.314755657558554e-11,1.3867868005537966e-10,9.822229311614343e-12,8.78653437905037e-11,2.3420945126120636e-11,-4.899168565549672e-11,8.409605243399897e-11,-2.5031120373347153e-10,5.424794238195595e-11,-6.481289386421537e-11,-5.943016147164853e-11,-5.662649394424214e-10,1.150108591546761e-10,-1.4375246420741194e-10,4.812777940780186e-10,3.774606270354754e-10,3.6471203743296513e-10,1.7354039650948313e-09,8.531854119129783e-10,2.6297494176610315e-10,-8.441208344005461e-11,3.678416545789387e-11,-1.3428967241015572e-10,2.1489904233920038e-10,-6.251403582578655e-11,-1.2847899469340985e-10,-2.381730992659692e-10,-4.5637802524839024e-11,-2.555936506277417e-10,7.356271125163815e-12,9.357021815552882e-11,-1.3444223804224656e-10,-1.2003006547978477e-10,-4.0080971818533627e-10,-3.9863493703275294e-10,-4.3350462042399384e-11,1.5544295187791676e-10,-4.786245094847811e-10,-4.769663962712098e-10,-8.949238736877492e-12,-6.439325948781346e-10
60000.0,3.251963307898849e-11,3.765394037056024e-12,-4.251886436967931e-11,1.482979733170101e-10,6.152948637513081e-11,1.0362766037697111e-10,-5.903930214054284e-11,5.172165043915294e-11,4.352317153548464e-11,-4.375196248521446e-13,-2.4757460944972975e-10,6.332772612568718e-11,1.0701173930710599e-10,1.5631639719279237e-10,-1.5898312207744433e-10,4.823665218588014e-10,-4.458294316416914e-11,5.212228534720781e-10,6.643550419900117e-10,4.994016449473605e-10,2.3526083583501886e-09,7.911985634003632e-10,2.0804749801411872e-10,2.206746854547312e-11,-3.081253272941979e-11,-1.264313985129406e-10,-2.934363886625122e-10,-1.272367353361326e-10,-2.5679391256459743e-10,-2.516724511113907e-10,-7.377543693151972e-11,-2.498005765344852e-10,-1.9645657260420692e-11,4.645011693936661e-12,-8.995791152493936e-11,-1.3253558159614335e-10,-2.159555053217019e-10,-2.035271345471929e-10,5.8687616323523e-11,2.0204073289696394e-10,-3.8372269703138276e-10,-3.193537963242327e-10,-1.2491591233699014e-10,-5.14210374474091e-10
65000.0,-3.154047755944096e-11,2.3671830194868027e-11,3.820327960897347e-11,1.3552552615477577e-10,-4.943540302165068e-12,1.1175488757421215e-10,4.554584968494822e-12,4.8898197789412244e-11,1.2022528585609134e-10,-1.0636552784198347e-10,-6.271037759331215e-11,1.576297179470776e-11,1.176982446464486e-10,2.1203780112682673e-10,1.4202380550032116e-10,8.605008782772821e-10,1.3551391740276366e-11,8.773529461501973e-10,7.604840123952406e-10,7.616923142332434e-11,1.6823420823976963e-09,-1.4631763211052084e-10,-9.790789415273798e-10,-7.323503056954229e-10,-7.637173532695679e-10,-1.9757366383836877e-10,-4.5194530074479774e-10,6.001394975562169e-12,-1.9653217773710755e-10,-1.187722683985763e-10,-1.8902805380999756e-10,-8.22177008935519e-11,-1.0151290001896279e-10,1.2226497606402882e-11,-1.3342821796188012e-10,-5.0047820040314036e-11,-1.2927260239810466e-10,5.1761204136285154e-11,-1.1139199233702386e-11,2.1728939439194212e-10,-2.3390739984981354e-10,-1.3744355311886324e-10,-7.9828024569319e-11,-3.9432266840675573e-10
70000.0,-1.1866553601512683e-11,5.697341628332689e-11,8.774497141653828e-11,2.8260281014611973e-11,2.1358813020589728e-11,1.2706546739585897e-10,-7.495716532977776e-11,-5.2838410377060254e-11,2.955020014736327e-10,1.4480895652457107e-10,8.780779955451771e-11,3.39107552423266e-11,3.2591122691179254e-10,3.809050673405472e-10,2.41438945672178e-11,5.903781425496288e-10,-1.2041323808646464e-10,1.9595430811435639e-10,1.538771045020626e-10,-4.0825527962236507e-10,2.7156907575997533e-10,-7.094767461304401e-10,-1.5014521108609504e-09,-1.2204258288550895e-09,-1.7676696380028893e-09,-3.1354162316369914e-10,-4.446276262433242e-10,2.358452437951813e-10,-2.70111871770731e-11,1.2901699702824434e-10,-1.6691091816075689e-10,4.972560231370925e-11,-3.832140444847071e-11,-9.914640840156607e-11,-1.911897854809329e-10,-1.532896812281503e-10,-5.4766859452603936e-11,8.263245481841587e-11,1.1178441545687349e-11,6.267542070957832e-11,-1.3103444151307734e-10,-8.135412895439127e-11,4.15859265435351e-11,-3.078680382043095e-10
75000.0,7.624241183353189e-11,5.07562107458449e-11,3.962627549271188e-11,-3.8972313795670556e-11,2.227604579834939e-10,2.9966882779715415e-10,-2.112521111288556e-10,-2.1329141288025067e-10,8.942018159764315e-10,3.1567218026496425e-10,2.2220484345136665e-12,3.9985523980075756e-11,6.924383640266052e-10,5.074629654353332e-10,2.7275583223048833e-11,2.996279925721634e-10,4.17922910893957e-11,-2.5362321866701785e-10,-1.9126414340225947e-10,-5.651711806805617e-10,-4.708004314503443e-10,-9.771076594379263e-10,-1.4100003217490838e-09,-9.458515690607457e-10,-2.1484537221673112e-09,-5.43599599228144e-10,-5.492823191926759e-10,-7.157959169243426e-12,1.4500466561294227e-10,1.6250499963955488e-10,-2.869036861198795e-10,5.907974178034561e-11,1.1317339104678383e-10,-7.087474303054255e-11,1.264059378512694e-10,-1.1885406781924695e-10,-4.531638928210643e-11,1.4457259074327356e-10,-3.078986545862838e-12,2.6871177251769836e-11,-3.9791245806636225e-11,-6.973562959338584e-11,-6.575519530303563e-11,-2.615599063108228e-10
80000.0,1.1897738755835563e-10,2.4433611143585934e-10,-6.84831060118001e-11,1.4821441250197435e-11,9.416967908020926e-10,6.583276636079328e-10,-9.659183400105927e-11,-7.574323581009018e-11,1.783424149361226e-09,4.774835676379467e-10,-2.3488633634007596e-11,-4.553300763486485e-11,5.066708124686859e-10,7.362635662491624e-10,2.5497987308963025e-10,3.1972797526582273e-10,6.179163869472139e-10,-1.4343783928831365e-10,1.6016320278924646e-10,-3.1746223034429404e-10,-6.888402791286971e-10,-6.020334071195063e-10,-1.328821055744673e-09,-5.498635828505179e-10,-1.2059815911158328e-09,-4.479171041724967e-11,-6.568316969092201e-10,-1.351121075568864e-10,1.1391866939954573e-10,1.0572711818898918e-10,-1.6798778141612276e-10,-4.4427071999350784e-11,1.577413815759906e-10,-1.518379472917214e-10,2.399827602614597e-10,6.153299737222979e-11,8.864580968882892e-11,2.383173266853357e-10,3.4235061303478386e-12,3.2785238940448614e-11,6.43757977744609e-12,-1.1589001733603401e-10,-1.0723916413872303e-10,-1.9567414051581336e-10
85000.0,1.4494989322104444e-10,6.123464266256244e-10,-8.637647274087864e-12,6.831470036281347e-11,1.5408703234496447e-09,5.600096355855447e-10,-2.7487925786884914e-11,1.53920989504016e-10,2.1061949422494025e-09,9.80602835736203e-10,2.34851285750734e-10,1.6141033123709618e-10,6.753162549873602e-10,1.1137422679320856e-09,5.03613255718605e-10,7.260775235186336e-10,1.0525151476280047e-09,6.647470760933932e-11,3.2327964375816927e-10,-3.0361460593962603e-10,-1.050509845054708e-09,-2.1370859014329971e-10,-1.0764501075950355e-09,-1.2804591984013916e-10,-2.8935409302360716e-10,4.921440294445213e-10,-9.850678841599594e-10,-7.46095888273483e-10,-2.806882393523143e-10,-4.728972210114066e-11,-9.481612776282489e-12,-8.099934455039479e-11,2.1931553349502344e-10,-1.8553303741117757e-10,9.283959940905316e-11,-5.896194882520507e-11,1.0358013326096062e-10,4.746289553504361e-11,2.7583233703514945e-10,2.1526431973635303e-10,1.7111433830582925e-10,-5.5850943037421565e-14,-4.9677729412893265e-12,-1.406732073594651e-10
90000.0,2.6953942533828487e-10,5.787538765390328e-10,-8.465823852017384e-13,1.126724256922042e-10,1.165272678174739e-09,6.936358131326437e-10,1.3938618099517227e-10,1.915790562154788e-10,1.3173253972614761e-09,8.537836291486872e-10,5.109886018701723e-10,3.172451384505034e-10,7.024196016341156e-10,7.734052148693169e-10,6.560958252928143e-10,9.731413235266983e-10,7.961321136370447e-10,1.6599059601372853e-10,-2.176262097432363e-11,1.2883513199950896e-10,-1.227574294177416e-09,-6.655753977470326e-10,-1.0669949142993678e-09,-5.07828537622214e-10,-2.5681012209468516e-10,2.1504612722896183e-10,-3.9859283596889865e-10,-4.854149644658158e-10,-1.8886389575355837e-10,-2.9835245679219015e-11,9.37800795491856e-11,-9.495718463054881e-11,2.3659705370678046e-10,-8.980128075315064e-11,-6.625822668812959e-12,-1.6870048576798383e-10,-2.2151397628796188e-10,-2.426130343058739e-10,8.387438152668973e-11,-2.2377930227301046e-11,2.2233729311458727e-11,3.95062919104552e-11,-7.941616796930574e-11,-1.7899830977537765e-10
95000.0,-1.5544741401756268e-11,4.1222363739469994e-11,-1.0430869353474961e-10,1.6911182886604434e-11,1.0970170900965186e-10,1.4846319677152217e-10,1.5202939253067204e-10,1.0150530126798006e-10,1.2283832404003645e-10,1.5612605917112843e-10,3.2106091850916467e-10,3.574575528796492e-10,5.627063877479592e-10,3.658679213486004e-11,2.8993776900615663e-10,4.886071430133057e-10,8.787450475726362e-11,1.2954034467507902e-11,2.353989884377911e-10,3.721135069642305e-10,-2.598733647383441e-10,-5.02226083403193e-10,-2.2618461363692107e-10,-2.3041334388945153e-10,-1.294142191094466e-10,-8.784210413793905e-11,1.0756539500188721e-10,1.6753055695600823e-10,1.5303325163747306e-10,2.0638309397104243e-10,3.69386606910947e-10,4.967720777875569e-10,7.373673277716e-10,5.175898543483553e-10,5.070487045240449e-10,3.6088405810883727e-10,1.4125514872853785e-10,-2.4650189125022943e-11,5.858355781795724e-11,-3.243498662641499e-11,-1.9216681697010793e-10,-7.238053995469594e-11,-4.591885493645581e-13,-1.0594222763194192e-10
100000.0,-5.03501322724202e-11,-7.246988412816514e-12,-2.6605566006938202e-11,-1.6034238195057837e-11,9.380492046921322e-12,-5.628027582954105e-11,1.3181072653395685e-10,7.477575225391083e-11,1.0395067948738854e-10,9.80723577248885e-11,2.7234158416244886e-10,2.2234053466723357e-10,2.9897161853247425e-10,2.3164018013839855e-10,2.9845429462946133e-10,3.9888915206312524e-10,1.6360259253810752e-10,1.0298149255397508e-10,1.9871895453868384e-10,2.802913356825977e-10,2.9109555160259713e-10,7.552524087864765e-11,2.975657420336521e-10,2.7970204620032994e-10,3.4016549345388484e-10,1.7613917383573809e-10,4.972401278795251e-10,6.532847323160128e-10,6.856919963287848e-10,8.035756435156111e-10,9.009747664773013e-10,7.892061302616137e-10,8.518725041635352e-10,6.697821570778249e-10,7.320363834659723e-10,6.347203407215517e-10,5.612675123771658e-10,4.581330178559221e-10,5.251749545666163e-10,4.1638871056597516e-10,2.8146772534449184e-10,2.3872440435359646e-10,3.1774761359253646e-10,1.9681552607186107e-10
